{
    "alpha": 50.0,
    "arch": "UNet_vanilla_norm",
    "batch": 64,
    "ckptDir": null,
    "config": null,
    "decay": 0.97,
    "deep_supervision": false,
    "depth": 4,
    "filters": 32,
    "gamma": 1.0,
    "idCol": "ID",
    "labCol": "label",
    "label_balance": 1,
    "label_smoothing": 0.0,
    "layers": 1,
    "learning_rate": 0.01,
    "lite": false,
    "lr_sch": "EXP",
    "max_to_keep": 3,
    "mdlDir": "/cbica/home/erusg/3_DEV/DL/DeepMRSeg_20210625/Test2_20210624/Tests/FromJimit/OutTrain/Hippocampus_Exp1_PSL",
    "min_epochs": 25,
    "nJobs": 1,
    "norm": "batch",
    "num_classes": 3,
    "num_epochs": 500,
    "optimizer": "Adam",
    "otherMods": null,
    "patience": 10,
    "refMod": "Mod1",
    "reorient": "PSL",
    "rescale": "norm",
    "ressize": 1.0,
    "roi": "/cbica/home/erusg/3_DEV/DL/DeepMRSeg_20210625/Test2_20210624/Tests/FromJimit/Hippocampus/Task04_Hippocampus_ROI_Indices.csv",
    "sList": "/cbica/home/erusg/3_DEV/DL/DeepMRSeg_20210625/Test2_20210624/Tests/FromJimit/Hippocampus/TrainList1.csv",
    "summary": false,
    "tmpDir": "/cbica/home/erusg/3_DEV/DL/DeepMRSeg_20210625/Test2_20210624/Tests/FromJimit/OutTrain/Hippocampus_Exp1_PSL/TmpDir",
    "verb": 1,
    "xy_width": 64
}